<?xml version="1.0" encoding="UTF-8" standalone="no"?><TaskList Version="2.0"><Task Active="false" ConnectorKind="local" CreationDate="2015-10-22 21:39:26.776 +0200" DueDate="2015-10-28 00:00:00.0 +0100" EndDate="" Estimated="0" Handle="local-1" Kind="task" Label="Robot UML überlegen" LastModified="now" MarkReadPending="false" ModificationDate="" Notes="" NotifiedIncoming="true" Owner="local" Priority="P3" Reminded="false" RepositoryUrl="local" ScheduledEndDate="2015-10-25 23:59:59.999 +0100" ScheduledStartDate="2015-10-19 00:00:00.0 +0200" Stale="false" TaskId="1" offlineSyncState="SYNCHRONIZED"/><TaskCategory Handle="handle-4" Name="Server"/><TaskCategory Handle="handle-3" Name="Protocol"/><TaskCategory Handle="handle-2" Name="General"/><TaskCategory Handle="handle-1" Name="Robot"><TaskReference Handle="local-1"/></TaskCategory><TaskCategory Handle="Uncategorized" Name="Uncategorized"/><TaskCategory Handle="handle-6" Name="Ai"/><TaskCategory Handle="handle-5" Name="Utils"/></TaskList>